epoch,loss,val_loss
0,388.49634007,63.5563735962
1,61.5289287567,67.1069335938
2,49.7460395268,38.2807922363
3,32.8279634203,26.9834938049
